configurazione,attributo_a,attributo_b,score,soglia,esito
solo_nome,annual_salary,monthly_salary,0.897,0.8,FP
solo_nome,office_loc,office_city,0.8226,0.8,FP
sola_descrizione,emp_id,employee_number,0.692,0.65,TP
sola_descrizione,fname,first_name,0.7593,0.65,TP
sola_descrizione,fname,department,0.7542,0.65,FP
sola_descrizione,fname,work_location,0.7078,0.65,FP
sola_descrizione,lname,last_name,0.6834,0.65,TP
sola_descrizione,lname,department,0.6577,0.65,FP
sola_descrizione,lname,start_date,0.6529,0.65,FP
sola_descrizione,lname,work_location,0.733,0.65,FP
sola_descrizione,dept,department,0.7989,0.65,TP
sola_descrizione,dept,work_location,0.7349,0.65,FP
sola_descrizione,dept,office_city,0.6856,0.65,FP
sola_descrizione,dept,employment_status,0.6813,0.65,FP
sola_descrizione,hire_date,department,0.6617,0.65,FP
sola_descrizione,hire_date,start_date,0.7012,0.65,TP
sola_descrizione,hire_date,work_location,0.7153,0.65,FP
sola_descrizione,office_loc,first_name,0.6559,0.65,FP
sola_descrizione,office_loc,department,0.7715,0.65,FP
sola_descrizione,office_loc,work_location,0.7498,0.65,TP
sola_descrizione,office_loc,office_city,0.7141,0.65,FP
sola_descrizione,home_city,office_city,0.752,0.65,FP
sola_descrizione,contract_type,department,0.68,0.65,FP
sola_descrizione,contract_type,start_date,0.6685,0.65,FP
sola_descrizione,contract_type,work_location,0.6732,0.65,FP
nome_descrizione,dept,department,0.7623,0.75,TP
nome_descrizione,annual_salary,monthly_salary,0.7685,0.75,FP
nome_descrizione,hire_date,start_date,0.7506,0.75,TP
nome_descrizione,office_loc,department,0.7597,0.75,FP
nome_descrizione,office_loc,work_location,0.7645,0.75,TP
nome_descrizione,office_loc,office_city,0.8238,0.75,FP
