algoritmo,configurazione,attributo_a,attributo_b,score,soglia,esito
JACCARD,solo_nome,annual_salary,monthly_salary,0.3333,0.33,FP
JACCARD,solo_nome,hire_date,start_date,0.3333,0.33,TP
JACCARD,solo_nome,office_loc,office_city,0.3333,0.33,FP
JACCARD,solo_nome,home_city,office_city,0.3333,0.33,FP
JACCARD,sola_descrizione,fname,first_name,0.25,0.2,TP
JACCARD,sola_descrizione,lname,department,0.2,0.2,FP
JACCARD,sola_descrizione,dept,office_city,0.2727,0.2,FP
JACCARD,sola_descrizione,contract_type,start_date,0.3333,0.2,FP
JACCARD,sola_descrizione,contract_type,work_location,0.25,0.2,FP
JACCARD,sola_descrizione,contract_type,employment_status,0.2,0.2,FP
JACCARD,nome_filtro_tipo,annual_salary,monthly_salary,0.3333,0.33,FP
JACCARD,nome_filtro_tipo,hire_date,start_date,0.3333,0.33,TP
JACCARD,nome_filtro_tipo,office_loc,office_city,0.3333,0.33,FP
JACCARD,nome_filtro_tipo,home_city,office_city,0.3333,0.33,FP
LEVENSHTEIN,solo_nome,fname,first_name,0.5,0.5,TP
LEVENSHTEIN,solo_nome,lname,last_name,0.5556,0.5,TP
LEVENSHTEIN,solo_nome,annual_salary,monthly_salary,0.6429,0.5,FP
LEVENSHTEIN,solo_nome,hire_date,first_name,0.5,0.5,FP
LEVENSHTEIN,solo_nome,hire_date,start_date,0.6,0.5,TP
LEVENSHTEIN,solo_nome,office_loc,office_city,0.6364,0.5,FP
LEVENSHTEIN,solo_nome,home_city,office_city,0.5455,0.5,FP
LEVENSHTEIN,nome_descrizione,lname,last_name,0.5284,0.5,TP
LEVENSHTEIN,nome_descrizione,annual_salary,monthly_salary,0.5653,0.5,FP
LEVENSHTEIN,nome_descrizione,hire_date,start_date,0.5312,0.5,TP
LEVENSHTEIN,nome_descrizione,office_loc,office_city,0.5482,0.5,FP
LEVENSHTEIN,nome_descrizione,home_city,office_city,0.5045,0.5,FP
LEVENSHTEIN,nome_filtro_tipo,fname,first_name,0.5,0.33,TP
LEVENSHTEIN,nome_filtro_tipo,fname,last_name,0.4444,0.33,FP
LEVENSHTEIN,nome_filtro_tipo,lname,first_name,0.4,0.33,FP
LEVENSHTEIN,nome_filtro_tipo,lname,last_name,0.5556,0.33,TP
LEVENSHTEIN,nome_filtro_tipo,dept,department,0.4,0.33,TP
LEVENSHTEIN,nome_filtro_tipo,annual_salary,monthly_salary,0.6429,0.33,FP
LEVENSHTEIN,nome_filtro_tipo,hire_date,start_date,0.6,0.33,TP
LEVENSHTEIN,nome_filtro_tipo,office_loc,office_city,0.6364,0.33,FP
LEVENSHTEIN,nome_filtro_tipo,home_city,office_city,0.5455,0.33,FP
