dataset,soglia,tp,fp,fn,precision,recall,f1_score,coppie_escluse_tipo
CUSTOMERS,0.20,6,5,1,0.5455,0.8571,0.6667,55
CUSTOMERS,0.30,6,2,1,0.7500,0.8571,0.8000,55
CUSTOMERS,0.33,6,2,1,0.7500,0.8571,0.8000,55
CUSTOMERS,0.50,2,0,5,1.0000,0.2857,0.4444,55
CUSTOMERS,0.70,0,0,7,0.0000,0.0000,0.0000,55
EMPLOYEES,0.20,1,0,6,1.0000,0.1429,0.2500,30
EMPLOYEES,0.30,1,0,6,1.0000,0.1429,0.2500,30
EMPLOYEES,0.33,1,0,6,1.0000,0.1429,0.2500,30
EMPLOYEES,0.50,0,0,7,0.0000,0.0000,0.0000,30
EMPLOYEES,0.70,0,0,7,0.0000,0.0000,0.0000,30