configurazione,attributo_a,attributo_b,score,ground_truth
solo_nome,customer_id,client_code,0.4705,1
solo_nome,customer_id,given_name,0.4446,0
solo_nome,customer_id,family_name,0.368,0
solo_nome,customer_id,email_address,0.5862,0
solo_nome,customer_id,date_of_birth,0.1489,0
solo_nome,customer_id,zip_code,0.1933,0
solo_nome,customer_id,account_creation_date,0.4126,0
solo_nome,customer_id,total_amount,0.2518,0
solo_nome,customer_id,newsletter_opt_in,0.3435,0
solo_nome,first_name,client_code,0.0249,0
solo_nome,first_name,given_name,0.867,1
solo_nome,first_name,family_name,0.7221,0
solo_nome,first_name,email_address,0.2971,0
solo_nome,first_name,date_of_birth,0.373,0
solo_nome,first_name,zip_code,0.0659,0
solo_nome,first_name,account_creation_date,0.2261,0
solo_nome,first_name,total_amount,0.1171,0
solo_nome,first_name,newsletter_opt_in,0.06,0
solo_nome,last_name,client_code,0.0295,0
solo_nome,last_name,given_name,0.816,0
solo_nome,last_name,family_name,0.6804,1
solo_nome,last_name,email_address,0.3425,0
solo_nome,last_name,date_of_birth,0.2755,0
solo_nome,last_name,zip_code,0.069,0
solo_nome,last_name,account_creation_date,0.1243,0
solo_nome,last_name,total_amount,0.1704,0
solo_nome,last_name,newsletter_opt_in,0.0858,0
solo_nome,email,client_code,0.3089,0
solo_nome,email,given_name,0.2746,0
solo_nome,email,family_name,0.3048,0
solo_nome,email,email_address,0.9266,1
solo_nome,email,date_of_birth,0.1095,0
solo_nome,email,zip_code,0.11,0
solo_nome,email,account_creation_date,0.2366,0
solo_nome,email,total_amount,0.183,0
solo_nome,email,newsletter_opt_in,0.588,0
solo_nome,birth_date,client_code,0.0452,0
solo_nome,birth_date,given_name,0.3416,0
solo_nome,birth_date,family_name,0.3878,0
solo_nome,birth_date,email_address,0.1863,0
solo_nome,birth_date,date_of_birth,0.9829,1
solo_nome,birth_date,zip_code,0.1556,0
solo_nome,birth_date,account_creation_date,0.5391,0
solo_nome,birth_date,total_amount,0.1455,0
solo_nome,birth_date,newsletter_opt_in,-0.0118,0
solo_nome,postal_code,client_code,0.3356,0
solo_nome,postal_code,given_name,0.204,0
solo_nome,postal_code,family_name,0.0998,0
solo_nome,postal_code,email_address,0.4232,0
solo_nome,postal_code,date_of_birth,0.1846,0
solo_nome,postal_code,zip_code,0.4503,1
solo_nome,postal_code,account_creation_date,0.1686,0
solo_nome,postal_code,total_amount,0.1109,0
solo_nome,postal_code,newsletter_opt_in,0.2419,0
solo_nome,signup_date,client_code,0.1837,0
solo_nome,signup_date,given_name,0.2281,0
solo_nome,signup_date,family_name,0.14,0
solo_nome,signup_date,email_address,0.335,0
solo_nome,signup_date,date_of_birth,0.4755,0
solo_nome,signup_date,zip_code,-0.0177,0
solo_nome,signup_date,account_creation_date,0.6541,0
solo_nome,signup_date,total_amount,0.1157,0
solo_nome,signup_date,newsletter_opt_in,0.2128,0
solo_nome,total_spent,client_code,0.1349,0
solo_nome,total_spent,given_name,0.1231,0
solo_nome,total_spent,family_name,0.0354,0
solo_nome,total_spent,email_address,-0.0219,0
solo_nome,total_spent,date_of_birth,0.0452,0
solo_nome,total_spent,zip_code,-0.0126,0
solo_nome,total_spent,account_creation_date,0.2373,0
solo_nome,total_spent,total_amount,0.8096,1
solo_nome,total_spent,newsletter_opt_in,0.0043,0
solo_nome,internal_notes,client_code,0.2626,0
solo_nome,internal_notes,given_name,0.187,0
solo_nome,internal_notes,family_name,0.1218,0
solo_nome,internal_notes,email_address,0.3232,0
solo_nome,internal_notes,date_of_birth,0.0007,0
solo_nome,internal_notes,zip_code,0.0502,0
solo_nome,internal_notes,account_creation_date,0.2825,0
solo_nome,internal_notes,total_amount,0.3738,0
solo_nome,internal_notes,newsletter_opt_in,0.3276,0
sola_descrizione,customer_id,client_code,0.7146,1
sola_descrizione,customer_id,given_name,0.5366,0
sola_descrizione,customer_id,family_name,0.5612,0
sola_descrizione,customer_id,email_address,0.4027,0
sola_descrizione,customer_id,date_of_birth,0.2515,0
sola_descrizione,customer_id,zip_code,0.3918,0
sola_descrizione,customer_id,account_creation_date,0.4396,0
sola_descrizione,customer_id,total_amount,0.27,0
sola_descrizione,customer_id,newsletter_opt_in,0.4127,0
sola_descrizione,first_name,client_code,0.7335,0
sola_descrizione,first_name,given_name,0.8858,1
sola_descrizione,first_name,family_name,0.7591,0
sola_descrizione,first_name,email_address,0.6029,0
sola_descrizione,first_name,date_of_birth,0.5293,0
sola_descrizione,first_name,zip_code,0.5577,0
sola_descrizione,first_name,account_creation_date,0.4839,0
sola_descrizione,first_name,total_amount,0.2625,0
sola_descrizione,first_name,newsletter_opt_in,0.4721,0
sola_descrizione,last_name,client_code,0.6899,0
sola_descrizione,last_name,given_name,0.6563,0
sola_descrizione,last_name,family_name,0.6939,1
sola_descrizione,last_name,email_address,0.6252,0
sola_descrizione,last_name,date_of_birth,0.5734,0
sola_descrizione,last_name,zip_code,0.6374,0
sola_descrizione,last_name,account_creation_date,0.5598,0
sola_descrizione,last_name,total_amount,0.2984,0
sola_descrizione,last_name,newsletter_opt_in,0.5419,0
sola_descrizione,email,client_code,0.5207,0
sola_descrizione,email,given_name,0.5362,0
sola_descrizione,email,family_name,0.5347,0
sola_descrizione,email,email_address,0.9099,1
sola_descrizione,email,date_of_birth,0.3518,0
sola_descrizione,email,zip_code,0.7209,0
sola_descrizione,email,account_creation_date,0.4704,0
sola_descrizione,email,total_amount,0.1893,0
sola_descrizione,email,newsletter_opt_in,0.6061,0
sola_descrizione,birth_date,client_code,0.1236,0
sola_descrizione,birth_date,given_name,0.3218,0
sola_descrizione,birth_date,family_name,0.1434,0
sola_descrizione,birth_date,email_address,0.0472,0
sola_descrizione,birth_date,date_of_birth,0.7556,1
sola_descrizione,birth_date,zip_code,0.2061,0
sola_descrizione,birth_date,account_creation_date,0.1712,0
sola_descrizione,birth_date,total_amount,0.0066,0
sola_descrizione,birth_date,newsletter_opt_in,0.0455,0
sola_descrizione,postal_code,client_code,0.4176,0
sola_descrizione,postal_code,given_name,0.5473,0
sola_descrizione,postal_code,family_name,0.4152,0
sola_descrizione,postal_code,email_address,0.5112,0
sola_descrizione,postal_code,date_of_birth,0.3183,0
sola_descrizione,postal_code,zip_code,0.6738,1
sola_descrizione,postal_code,account_creation_date,0.3795,0
sola_descrizione,postal_code,total_amount,0.1889,0
sola_descrizione,postal_code,newsletter_opt_in,0.366,0
sola_descrizione,signup_date,client_code,0.5262,0
sola_descrizione,signup_date,given_name,0.5722,0
sola_descrizione,signup_date,family_name,0.4918,0
sola_descrizione,signup_date,email_address,0.4919,0
sola_descrizione,signup_date,date_of_birth,0.7716,0
sola_descrizione,signup_date,zip_code,0.5202,0
sola_descrizione,signup_date,account_creation_date,0.5387,0
sola_descrizione,signup_date,total_amount,0.2169,0
sola_descrizione,signup_date,newsletter_opt_in,0.42,0
sola_descrizione,total_spent,client_code,0.4748,0
sola_descrizione,total_spent,given_name,0.5131,0
sola_descrizione,total_spent,family_name,0.5308,0
sola_descrizione,total_spent,email_address,0.3372,0
sola_descrizione,total_spent,date_of_birth,0.4692,0
sola_descrizione,total_spent,zip_code,0.2653,0
sola_descrizione,total_spent,account_creation_date,0.3558,0
sola_descrizione,total_spent,total_amount,0.756,1
sola_descrizione,total_spent,newsletter_opt_in,0.3343,0
sola_descrizione,internal_notes,client_code,0.5702,0
sola_descrizione,internal_notes,given_name,0.5785,0
sola_descrizione,internal_notes,family_name,0.6347,0
sola_descrizione,internal_notes,email_address,0.6198,0
sola_descrizione,internal_notes,date_of_birth,0.3456,0
sola_descrizione,internal_notes,zip_code,0.4699,0
sola_descrizione,internal_notes,account_creation_date,0.5756,0
sola_descrizione,internal_notes,total_amount,0.3221,0
sola_descrizione,internal_notes,newsletter_opt_in,0.6094,0
nome_descrizione,customer_id,client_code,0.7754,1
nome_descrizione,customer_id,given_name,0.5179,0
nome_descrizione,customer_id,family_name,0.5226,0
nome_descrizione,customer_id,email_address,0.4984,0
nome_descrizione,customer_id,date_of_birth,0.1282,0
nome_descrizione,customer_id,zip_code,0.4601,0
nome_descrizione,customer_id,account_creation_date,0.4746,0
nome_descrizione,customer_id,total_amount,0.3049,0
nome_descrizione,customer_id,newsletter_opt_in,0.4113,0
nome_descrizione,first_name,client_code,0.3982,0
nome_descrizione,first_name,given_name,0.7671,1
nome_descrizione,first_name,family_name,0.62,0
nome_descrizione,first_name,email_address,0.3918,0
nome_descrizione,first_name,date_of_birth,0.2913,0
nome_descrizione,first_name,zip_code,0.2296,0
nome_descrizione,first_name,account_creation_date,0.3577,0
nome_descrizione,first_name,total_amount,0.1574,0
nome_descrizione,first_name,newsletter_opt_in,0.2102,0
nome_descrizione,last_name,client_code,0.2204,0
nome_descrizione,last_name,given_name,0.7598,0
nome_descrizione,last_name,family_name,0.5673,1
nome_descrizione,last_name,email_address,0.3703,0
nome_descrizione,last_name,date_of_birth,0.2981,0
nome_descrizione,last_name,zip_code,0.2805,0
nome_descrizione,last_name,account_creation_date,0.2185,0
nome_descrizione,last_name,total_amount,0.0947,0
nome_descrizione,last_name,newsletter_opt_in,0.1677,0
nome_descrizione,email,client_code,0.5024,0
nome_descrizione,email,given_name,0.4076,0
nome_descrizione,email,family_name,0.3256,0
nome_descrizione,email,email_address,0.8998,1
nome_descrizione,email,date_of_birth,0.1163,0
nome_descrizione,email,zip_code,0.5322,0
nome_descrizione,email,account_creation_date,0.391,0
nome_descrizione,email,total_amount,0.1895,0
nome_descrizione,email,newsletter_opt_in,0.5756,0
nome_descrizione,birth_date,client_code,0.1005,0
nome_descrizione,birth_date,given_name,0.451,0
nome_descrizione,birth_date,family_name,0.3704,0
nome_descrizione,birth_date,email_address,0.1055,0
nome_descrizione,birth_date,date_of_birth,0.9087,1
nome_descrizione,birth_date,zip_code,0.1715,0
nome_descrizione,birth_date,account_creation_date,0.4271,0
nome_descrizione,birth_date,total_amount,0.0583,0
nome_descrizione,birth_date,newsletter_opt_in,0.0504,0
nome_descrizione,postal_code,client_code,0.4181,0
nome_descrizione,postal_code,given_name,0.4281,0
nome_descrizione,postal_code,family_name,0.361,0
nome_descrizione,postal_code,email_address,0.6072,0
nome_descrizione,postal_code,date_of_birth,0.2036,0
nome_descrizione,postal_code,zip_code,0.7596,1
nome_descrizione,postal_code,account_creation_date,0.3362,0
nome_descrizione,postal_code,total_amount,0.2127,0
nome_descrizione,postal_code,newsletter_opt_in,0.4084,0
nome_descrizione,signup_date,client_code,0.3124,0
nome_descrizione,signup_date,given_name,0.34,0
nome_descrizione,signup_date,family_name,0.2501,0
nome_descrizione,signup_date,email_address,0.3479,0
nome_descrizione,signup_date,date_of_birth,0.5452,0
nome_descrizione,signup_date,zip_code,0.2758,0
nome_descrizione,signup_date,account_creation_date,0.6177,0
nome_descrizione,signup_date,total_amount,0.1111,0
nome_descrizione,signup_date,newsletter_opt_in,0.2651,0
nome_descrizione,total_spent,client_code,0.2185,0
nome_descrizione,total_spent,given_name,0.3016,0
nome_descrizione,total_spent,family_name,0.1316,0
nome_descrizione,total_spent,email_address,0.1226,0
nome_descrizione,total_spent,date_of_birth,0.1208,0
nome_descrizione,total_spent,zip_code,0.0392,0
nome_descrizione,total_spent,account_creation_date,0.2328,0
nome_descrizione,total_spent,total_amount,0.6166,1
nome_descrizione,total_spent,newsletter_opt_in,0.1187,0
nome_descrizione,internal_notes,client_code,0.5136,0
nome_descrizione,internal_notes,given_name,0.385,0
nome_descrizione,internal_notes,family_name,0.3604,0
nome_descrizione,internal_notes,email_address,0.455,0
nome_descrizione,internal_notes,date_of_birth,0.0582,0
nome_descrizione,internal_notes,zip_code,0.2832,0
nome_descrizione,internal_notes,account_creation_date,0.4908,0
nome_descrizione,internal_notes,total_amount,0.3087,0
nome_descrizione,internal_notes,newsletter_opt_in,0.5312,0
