algoritmo,peso_nome,peso_descrizione,soglia,tp,fp,fn,precision,recall,f1_score
JACCARD,0.8,0.2,0.2,6,6,1,0.5,0.8571,0.6316
JACCARD,0.8,0.2,0.3,6,2,1,0.75,0.8571,0.8
JACCARD,0.8,0.2,0.33,3,0,4,1.0,0.4286,0.6
JACCARD,0.8,0.2,0.5,1,0,6,1.0,0.1429,0.25
JACCARD,0.8,0.2,0.7,0,0,7,0,0.0,0
JACCARD,0.7,0.3,0.2,6,5,1,0.5455,0.8571,0.6667
JACCARD,0.7,0.3,0.3,5,2,2,0.7143,0.7143,0.7143
JACCARD,0.7,0.3,0.33,3,1,4,0.75,0.4286,0.5455
JACCARD,0.7,0.3,0.5,0,0,7,0,0.0,0
JACCARD,0.7,0.3,0.7,0,0,7,0,0.0,0
JACCARD,0.6,0.4,0.2,6,5,1,0.5455,0.8571,0.6667
JACCARD,0.6,0.4,0.3,5,1,2,0.8333,0.7143,0.7692
JACCARD,0.6,0.4,0.33,3,1,4,0.75,0.4286,0.5455
JACCARD,0.6,0.4,0.5,0,0,7,0,0.0,0
JACCARD,0.6,0.4,0.7,0,0,7,0,0.0,0
LEVENSHTEIN,0.8,0.2,0.2,5,46,2,0.098,0.7143,0.1724
LEVENSHTEIN,0.8,0.2,0.3,5,14,2,0.2632,0.7143,0.3846
LEVENSHTEIN,0.8,0.2,0.33,5,11,2,0.3125,0.7143,0.4348
LEVENSHTEIN,0.8,0.2,0.5,3,1,4,0.75,0.4286,0.5455
LEVENSHTEIN,0.8,0.2,0.7,0,0,7,0,0.0,0
LEVENSHTEIN,0.7,0.3,0.2,5,51,2,0.0893,0.7143,0.1587
LEVENSHTEIN,0.7,0.3,0.3,5,13,2,0.2778,0.7143,0.4
LEVENSHTEIN,0.7,0.3,0.33,5,9,2,0.3571,0.7143,0.4762
LEVENSHTEIN,0.7,0.3,0.5,3,1,4,0.75,0.4286,0.5455
LEVENSHTEIN,0.7,0.3,0.7,0,0,7,0,0.0,0
LEVENSHTEIN,0.6,0.4,0.2,5,56,2,0.082,0.7143,0.1471
LEVENSHTEIN,0.6,0.4,0.3,5,20,2,0.2,0.7143,0.3125
LEVENSHTEIN,0.6,0.4,0.33,5,7,2,0.4167,0.7143,0.5263
LEVENSHTEIN,0.6,0.4,0.5,3,1,4,0.75,0.4286,0.5455
LEVENSHTEIN,0.6,0.4,0.7,0,0,7,0,0.0,0
