configurazione,soglia,tp,fp,fn,precision,recall,f1_score
solo_nome,0.1,7,57,0,0.1094,1.0,0.1972
solo_nome,0.2,7,36,0,0.1628,1.0,0.28
solo_nome,0.3,7,23,0,0.2333,1.0,0.3784
solo_nome,0.4,7,10,0,0.4118,1.0,0.5833
solo_nome,0.5,5,6,2,0.4545,0.7143,0.5556
solo_nome,0.55,5,5,2,0.5,0.7143,0.5882
solo_nome,0.6,5,3,2,0.625,0.7143,0.6667
solo_nome,0.65,5,3,2,0.625,0.7143,0.6667
solo_nome,0.7,4,2,3,0.6667,0.5714,0.6154
solo_nome,0.75,4,1,3,0.8,0.5714,0.6667
solo_nome,0.8,4,1,3,0.8,0.5714,0.6667
solo_nome,0.85,3,0,4,1.0,0.4286,0.6
solo_nome,0.9,2,0,5,1.0,0.2857,0.4444
sola_descrizione,0.1,7,71,0,0.0897,1.0,0.1647
sola_descrizione,0.2,7,66,0,0.0959,1.0,0.175
sola_descrizione,0.3,7,59,0,0.1061,1.0,0.1918
sola_descrizione,0.4,7,48,0,0.1273,1.0,0.2258
sola_descrizione,0.5,7,34,0,0.1707,1.0,0.2917
sola_descrizione,0.55,7,21,0,0.25,1.0,0.4
sola_descrizione,0.6,7,13,0,0.35,1.0,0.5185
sola_descrizione,0.65,7,6,0,0.5385,1.0,0.7
sola_descrizione,0.7,5,4,2,0.5556,0.7143,0.625
sola_descrizione,0.75,4,2,3,0.6667,0.5714,0.6154
sola_descrizione,0.8,2,0,5,1.0,0.2857,0.4444
sola_descrizione,0.85,2,0,5,1.0,0.2857,0.4444
sola_descrizione,0.9,1,0,6,1.0,0.1429,0.25
nome_descrizione,0.1,7,69,0,0.0921,1.0,0.1687
nome_descrizione,0.2,7,56,0,0.1111,1.0,0.2
nome_descrizione,0.3,7,41,0,0.1458,1.0,0.2545
nome_descrizione,0.4,7,24,0,0.2258,1.0,0.3684
nome_descrizione,0.5,7,12,0,0.3684,1.0,0.5385
nome_descrizione,0.55,7,5,0,0.5833,1.0,0.7368
nome_descrizione,0.6,6,4,1,0.6,0.8571,0.7059
nome_descrizione,0.65,5,1,2,0.8333,0.7143,0.7692
nome_descrizione,0.7,5,1,2,0.8333,0.7143,0.7692
nome_descrizione,0.75,5,1,2,0.8333,0.7143,0.7692
nome_descrizione,0.8,2,0,5,1.0,0.2857,0.4444
nome_descrizione,0.85,2,0,5,1.0,0.2857,0.4444
nome_descrizione,0.9,1,0,6,1.0,0.1429,0.25
