algoritmo,configurazione,peso_nome,peso_descrizione,soglia,tp,fp,fn,precision,recall,f1_score,coppie_escluse_tipo
JACCARD,solo_nome,,,0.2,6,6,1,0.5,0.8571,0.6316,0
JACCARD,solo_nome,,,0.3,6,3,1,0.6667,0.8571,0.75,0
JACCARD,solo_nome,,,0.33,6,3,1,0.6667,0.8571,0.75,0
JACCARD,solo_nome,,,0.5,2,0,5,1.0,0.2857,0.4444,0
JACCARD,solo_nome,,,0.7,0,0,7,0,0.0,0,0
JACCARD,sola_descrizione,,,0.2,4,8,3,0.3333,0.5714,0.4211,0
JACCARD,sola_descrizione,,,0.3,1,2,6,0.3333,0.1429,0.2,0
JACCARD,sola_descrizione,,,0.33,1,2,6,0.3333,0.1429,0.2,0
JACCARD,sola_descrizione,,,0.5,0,1,7,0.0,0.0,0,0
JACCARD,sola_descrizione,,,0.7,0,0,7,0,0.0,0,0
JACCARD,nome_descrizione,0.8,0.2,0.2,6,6,1,0.5,0.8571,0.6316,0
JACCARD,nome_descrizione,0.8,0.2,0.3,6,2,1,0.75,0.8571,0.8,0
JACCARD,nome_descrizione,0.8,0.2,0.33,3,0,4,1.0,0.4286,0.6,0
JACCARD,nome_descrizione,0.8,0.2,0.5,1,0,6,1.0,0.1429,0.25,0
JACCARD,nome_descrizione,0.8,0.2,0.7,0,0,7,0,0.0,0,0
JACCARD,nome_descrizione,0.7,0.3,0.2,6,5,1,0.5455,0.8571,0.6667,0
JACCARD,nome_descrizione,0.7,0.3,0.3,5,2,2,0.7143,0.7143,0.7143,0
JACCARD,nome_descrizione,0.7,0.3,0.33,3,1,4,0.75,0.4286,0.5455,0
JACCARD,nome_descrizione,0.7,0.3,0.5,0,0,7,0,0.0,0,0
JACCARD,nome_descrizione,0.7,0.3,0.7,0,0,7,0,0.0,0,0
JACCARD,nome_descrizione,0.6,0.4,0.2,6,5,1,0.5455,0.8571,0.6667,0
JACCARD,nome_descrizione,0.6,0.4,0.3,5,1,2,0.8333,0.7143,0.7692,0
JACCARD,nome_descrizione,0.6,0.4,0.33,3,1,4,0.75,0.4286,0.5455,0
JACCARD,nome_descrizione,0.6,0.4,0.5,0,0,7,0,0.0,0,0
JACCARD,nome_descrizione,0.6,0.4,0.7,0,0,7,0,0.0,0,0
JACCARD,nome_filtro_tipo,,,0.2,6,5,1,0.5455,0.8571,0.6667,55
JACCARD,nome_filtro_tipo,,,0.3,6,2,1,0.75,0.8571,0.8,55
JACCARD,nome_filtro_tipo,,,0.33,6,2,1,0.75,0.8571,0.8,55
JACCARD,nome_filtro_tipo,,,0.5,2,0,5,1.0,0.2857,0.4444,55
JACCARD,nome_filtro_tipo,,,0.7,0,0,7,0,0.0,0,55
LEVENSHTEIN,solo_nome,,,0.2,5,36,2,0.122,0.7143,0.2083,0
LEVENSHTEIN,solo_nome,,,0.3,5,14,2,0.2632,0.7143,0.3846,0
LEVENSHTEIN,solo_nome,,,0.33,5,12,2,0.2941,0.7143,0.4167,0
LEVENSHTEIN,solo_nome,,,0.5,3,2,4,0.6,0.4286,0.5,0
LEVENSHTEIN,solo_nome,,,0.7,0,0,7,0,0.0,0,0
LEVENSHTEIN,sola_descrizione,,,0.2,6,68,1,0.0811,0.8571,0.1481,0
LEVENSHTEIN,sola_descrizione,,,0.3,4,43,3,0.0851,0.5714,0.1481,0
LEVENSHTEIN,sola_descrizione,,,0.33,4,33,3,0.1081,0.5714,0.1818,0
LEVENSHTEIN,sola_descrizione,,,0.5,2,1,5,0.6667,0.2857,0.4,0
LEVENSHTEIN,sola_descrizione,,,0.7,0,0,7,0,0.0,0,0
LEVENSHTEIN,nome_descrizione,0.8,0.2,0.2,5,46,2,0.098,0.7143,0.1724,0
LEVENSHTEIN,nome_descrizione,0.8,0.2,0.3,5,14,2,0.2632,0.7143,0.3846,0
LEVENSHTEIN,nome_descrizione,0.8,0.2,0.33,5,11,2,0.3125,0.7143,0.4348,0
LEVENSHTEIN,nome_descrizione,0.8,0.2,0.5,3,1,4,0.75,0.4286,0.5455,0
LEVENSHTEIN,nome_descrizione,0.8,0.2,0.7,0,0,7,0,0.0,0,0
LEVENSHTEIN,nome_descrizione,0.7,0.3,0.2,5,51,2,0.0893,0.7143,0.1587,0
LEVENSHTEIN,nome_descrizione,0.7,0.3,0.3,5,13,2,0.2778,0.7143,0.4,0
LEVENSHTEIN,nome_descrizione,0.7,0.3,0.33,5,9,2,0.3571,0.7143,0.4762,0
LEVENSHTEIN,nome_descrizione,0.7,0.3,0.5,3,1,4,0.75,0.4286,0.5455,0
LEVENSHTEIN,nome_descrizione,0.7,0.3,0.7,0,0,7,0,0.0,0,0
LEVENSHTEIN,nome_descrizione,0.6,0.4,0.2,5,56,2,0.082,0.7143,0.1471,0
LEVENSHTEIN,nome_descrizione,0.6,0.4,0.3,5,20,2,0.2,0.7143,0.3125,0
LEVENSHTEIN,nome_descrizione,0.6,0.4,0.33,5,7,2,0.4167,0.7143,0.5263,0
LEVENSHTEIN,nome_descrizione,0.6,0.4,0.5,3,1,4,0.75,0.4286,0.5455,0
LEVENSHTEIN,nome_descrizione,0.6,0.4,0.7,0,0,7,0,0.0,0,0
LEVENSHTEIN,nome_filtro_tipo,,,0.2,5,12,2,0.2941,0.7143,0.4167,55
LEVENSHTEIN,nome_filtro_tipo,,,0.3,5,5,2,0.5,0.7143,0.5882,55
LEVENSHTEIN,nome_filtro_tipo,,,0.33,5,4,2,0.5556,0.7143,0.625,55
LEVENSHTEIN,nome_filtro_tipo,,,0.5,3,2,4,0.6,0.4286,0.5,55
LEVENSHTEIN,nome_filtro_tipo,,,0.7,0,0,7,0,0.0,0,55
